{
  "distance": 4.0,
  "metrics": {
    "mean_log_likelihood": -13.668157577514648,
    "std_log_likelihood": 9.484908103942871,
    "mean_id_log_likelihood": -4.310466289520264,
    "std_id_log_likelihood": 2.1895530223846436,
    "mean_ood_log_likelihood": -23.025850296020508,
    "std_ood_log_likelihood": 0.0,
    "roc_auc": 1.0,
    "accuracy": 1.0,
    "model_threshold": -18.14204086303711
  },
  "roc_curve": {
    "fpr": [
      0.0,
      0.0,
      0.22,
      0.23,
      1.0
    ],
    "tpr": [
      0.0,
      1.0,
      1.0,
      1.0,
      1.0
    ],
    "thresholds": [
      Infinity,
      23.025850296020508,
      4.535138130187988,
      4.5299787521362305,
      1.5859352350234985
    ]
  },
  "log_likelihoods": {
    "id_samples": [
      -4.768678188323975,
      -4.445122718811035,
      -4.04224967956543,
      -4.243045330047607,
      -3.564039468765259,
      -2.635664463043213,
      -2.894056797027588,
      -3.7492332458496094,
      -4.50416374206543,
      -6.251817226409912,
      -3.6537845134735107,
      -3.480302572250366,
      -3.3571863174438477,
      -3.744938850402832,
      -2.809420585632324,
      -14.060035705566406,
      -3.538081645965576,
      -5.310055732727051,
      -3.8610503673553467,
      -4.535138130187988,
      -4.609322547912598,
      -2.878138780593872,
      -4.159311294555664,
      -2.677642822265625,
      -4.165032863616943,
      -2.8583216667175293,
      -1.7600120306015015,
      -12.96481704711914,
      -4.255448818206787,
      -2.162694215774536,
      -4.524098873138428,
      -7.49835729598999,
      -3.6198923587799072,
      -3.045271873474121,
      -4.122494697570801,
      -3.785174608230591,
      -4.608963489532471,
      -5.759831428527832,
      -6.522446632385254,
      -4.415060997009277,
      -3.2232918739318848,
      -9.551369667053223,
      -3.1692748069763184,
      -4.271810531616211,
      -2.5639865398406982,
      -1.825498342514038,
      -4.286314010620117,
      -3.7160847187042236,
      -4.191021919250488,
      -1.5859352350234985,
      -4.603312015533447,
      -3.027517318725586,
      -10.076345443725586,
      -3.1180944442749023,
      -4.5299787521362305,
      -3.546022891998291,
      -4.349202632904053,
      -3.9252188205718994,
      -2.506027936935425,
      -4.169095516204834,
      -3.824091672897339,
      -2.9723944664001465,
      -3.0084919929504395,
      -1.8840938806533813,
      -3.8554515838623047,
      -4.068789005279541,
      -3.912694215774536,
      -3.5252554416656494,
      -9.05933666229248,
      -12.609293937683105,
      -2.9341633319854736,
      -3.841806411743164,
      -4.350821495056152,
      -3.370561361312866,
      -4.605113506317139,
      -2.6759564876556396,
      -3.8346147537231445,
      -4.0840840339660645,
      -3.6559343338012695,
      -2.910205602645874,
      -3.0166015625,
      -6.709170818328857,
      -4.055251598358154,
      -2.5342085361480713,
      -3.3057355880737305,
      -3.639674425125122,
      -4.480255603790283,
      -4.604401111602783,
      -3.467294931411743,
      -9.710911750793457,
      -3.249547004699707,
      -4.11841344833374,
      -3.894268274307251,
      -4.485857963562012,
      -3.434286117553711,
      -2.9456627368927,
      -3.7793660163879395,
      -3.41060733795166,
      -7.228500843048096,
      -3.7052528858184814,
      -12.960323333740234,
      -4.3227763175964355,
      -2.4039740562438965,
      -4.266067981719971,
      -4.166008949279785,
      -9.280278205871582,
      -4.172283172607422,
      -5.231102466583252,
      -4.605170249938965,
      -4.261224746704102,
      -4.604384899139404,
      -4.600242614746094,
      -4.604361057281494,
      -2.584961414337158,
      -4.350687503814697,
      -2.647584915161133,
      -2.7254297733306885,
      -2.447657823562622,
      -7.060210704803467,
      -3.868192195892334,
      -3.134097099304199,
      -4.089447498321533,
      -2.4835662841796875,
      -2.9568870067596436,
      -4.519564151763916,
      -3.1112961769104004,
      -2.70285701751709,
      -4.213650703430176,
      -4.5299787521362305,
      -3.882519006729126,
      -3.603874683380127,
      -5.800537109375,
      -2.472419500350952,
      -2.568012237548828,
      -4.084305763244629,
      -10.609399795532227,
      -3.013315200805664,
      -4.202457427978516,
      -2.539456605911255,
      -2.763375997543335,
      -3.773881673812866,
      -3.3621938228607178,
      -5.178988933563232,
      -4.495514869689941,
      -12.59664249420166,
      -4.040256977081299,
      -3.599660634994507,
      -2.1161396503448486,
      -2.114133834838867,
      -4.448423862457275,
      -4.5175323486328125,
      -5.274181365966797,
      -4.370249271392822,
      -4.604007720947266,
      -3.2352921962738037,
      -3.1537365913391113,
      -2.39306378364563,
      -4.21513032913208,
      -4.031577110290527,
      -2.493563175201416,
      -3.757399082183838,
      -4.446344375610352,
      -2.721708297729492,
      -3.9119338989257812,
      -4.549507141113281,
      -15.54371452331543,
      -4.133477210998535,
      -3.9114558696746826,
      -3.739187240600586,
      -4.358893871307373,
      -3.9879157543182373,
      -2.5221948623657227,
      -2.954928159713745,
      -3.776074171066284,
      -4.479387283325195,
      -2.074890613555908,
      -4.4804792404174805,
      -2.4639089107513428,
      -3.994882106781006,
      -5.445279598236084,
      -5.454376220703125,
      -3.417198896408081,
      -3.1428282260894775,
      -4.310033798217773,
      -3.6093804836273193,
      -4.0520710945129395,
      -3.355745315551758,
      -2.811429977416992,
      -3.825573682785034,
      -2.4217615127563477,
      -7.364009857177734,
      -2.1444339752197266,
      -3.452648401260376,
      -5.6633124351501465,
      -3.2857391834259033,
      -4.469449520111084,
      -4.633729457855225,
      -8.830272674560547,
      -6.07470178604126,
      -3.2286505699157715
    ],