{
  "distance": 3.0,
  "metrics": {
    "mean_log_likelihood": -13.526860237121582,
    "std_log_likelihood": 9.632781028747559,
    "mean_id_log_likelihood": -4.0278706550598145,
    "std_id_log_likelihood": 2.262591600418091,
    "mean_ood_log_likelihood": -23.025850296020508,
    "std_ood_log_likelihood": 2.0230486370564904e-06,
    "roc_auc": 1.0,
    "accuracy": 0.9975,
    "model_threshold": -18.14204086303711
  },
  "roc_curve": {
    "fpr": [
      0.0,
      0.0,
      0.0,
      1.0
    ],
    "tpr": [
      0.0,
      0.995,
      1.0,
      1.0
    ],
    "thresholds": [
      Infinity,
      23.025850296020508,
      23.025821685791016,
      1.1692606210708618
    ]
  },
  "log_likelihoods": {
    "id_samples": [
      -6.945225715637207,
      -4.509247779846191,
      -3.5257387161254883,
      -3.133927583694458,
      -4.0332350730896,
      -4.604342460632324,
      -4.431241989135742,
      -3.9749526977539062,
      -3.823840618133545,
      -4.541919231414795,
      -2.199357271194458,
      -4.329921722412109,
      -4.9659810066223145,
      -3.2456820011138916,
      -3.703748941421509,
      -3.0555331707000732,
      -1.725019097328186,
      -4.247812271118164,
      -2.9744009971618652,
      -2.7989327907562256,
      -4.443630218505859,
      -2.9985244274139404,
      -1.6574985980987549,
      -1.1692606210708618,
      -1.8212690353393555,
      -2.856372594833374,
      -2.9172117710113525,
      -4.175877094268799,
      -2.450671911239624,
      -3.6156163215637207,
      -2.2594029903411865,
      -4.688598155975342,
      -3.7090249061584473,
      -4.4982147216796875,
      -2.909384250640869,
      -2.9598517417907715,
      -4.517236709594727,
      -4.284327507019043,
      -4.328385829925537,
      -1.9482402801513672,
      -2.4302303791046143,
      -4.976652145385742,
      -5.541545867919922,
      -1.6557366847991943,
      -3.1424472332000732,
      -16.1793212890625,
      -3.1180062294006348,
      -3.0317959785461426,
      -22.974172592163086,
      -4.604793548583984,
      -3.5709779262542725,
      -4.725146770477295,
      -3.2815470695495605,
      -4.1385040283203125,
      -4.768678188323975,
      -3.932979106903076,
      -3.452873468399048,
      -2.016010284423828,
      -4.10757303237915,
      -3.828814744949341,
      -3.410322666168213,
      -4.067983150482178,
      -7.262613773345947,
      -1.9937974214553833,
      -4.045989036560059,
      -2.364971160888672,
      -5.743540287017822,
      -5.953562259674072,
      -4.5934953689575195,
      -1.3322112560272217,
      -5.337545871734619,
      -4.088137149810791,
      -4.320655822753906,
      -2.2472622394561768,
      -2.6729507446289062,
      -3.2387192249298096,
      -1.654718279838562,
      -3.398782730102539,
      -4.7511982917785645,
      -9.935539245605469,
      -3.443812847137451,
      -4.485831260681152,
      -3.7667319774627686,
      -4.444554805755615,
      -3.6476070880889893,
      -4.604940414428711,
      -2.0211732387542725,
      -3.520219087600708,
      -4.575746536254883,
      -6.394759654998779,
      -3.480778217315674,
      -4.113229274749756,
      -3.317807674407959,
      -3.6745176315307617,
      -2.9574248790740967,
      -2.4725828170776367,
      -3.8495054244995117,
      -4.078071594238281,
      -4.419344902038574,
      -4.362238883972168,
      -4.5951032638549805,
      -4.489327907562256,
      -4.312289714813232,
      -2.94563627243042,
      -3.4320530891418457,
      -3.3471057415008545,
      -3.191793203353882,
      -3.688610076904297,
      -5.177014350891113,
      -2.330636978149414,
      -5.244897842407227,
      -4.3522515296936035,
      -3.1447620391845703,
      -2.9677345752716064,
      -4.694993019104004,
      -2.2495784759521484,
      -5.60784912109375,
      -4.350536346435547,
      -3.846494674682617,
      -2.8141369819641113,
      -4.055224895477295,
      -3.4972987174987793,
      -1.8840938806533813,
      -3.410252094268799,
      -2.0936367511749268,
      -4.332371234893799,
      -3.0390243530273438,
      -9.982040405273438,
      -4.08071756362915,
      -2.8613317012786865,
      -4.135651588439941,
      -3.6008777618408203,
      -4.531386375427246,
      -2.5297739505767822,
      -2.9064605236053467,
      -4.39434814453125,
      -3.77720308303833,
      -3.8902480602264404,
      -4.142019748687744,
      -1.9674105644226074,
      -4.172983646392822,
      -3.639674425125122,
      -3.625218629837036,
      -4.178464412689209,
      -5.031968593597412,
      -4.1791768074035645,
      -4.09808874130249,
      -3.291348695755005,
      -15.69483757019043,
      -3.3426830768585205,
      -3.6825673580169678,
      -4.537621021270752,
      -2.7178826332092285,
      -2.6167702674865723,
      -2.5840747356414795,
      -4.350730895996094,
      -2.470553159713745,
      -4.079244613647461,
      -2.743373155593872,
      -12.83725357055664,
      -5.037124156951904,
      -4.259101867675781,
      -3.2957942485809326,
      -2.529808521270752,
      -4.574460029602051,
      -3.766138792037964,
      -3.8609254360198975,
      -2.698817491531372,
      -4.875425815582275,
      -4.445122718811035,
      -4.605169773101807,
      -2.7470877170562744,
      -4.118824481964111,
      -4.0163469314575195,
      -3.02710223197937,
      -4.1953349113464355,
      -4.393241882324219,
      -3.3913040161132812,
      -2.505370616912842,
      -4.563446521759033,
      -5.42477560043335,
      -4.474030017852783,
      -3.1656033992767334,
      -3.8560569286346436,
      -2.765010118484497,
      -3.9656639099121094,
      -2.5641300678253174,
      -4.592658042907715,
      -5.352996826171875,
      -4.604923725128174,
      -2.8901617527008057,
      -3.7578067779541016,
      -3.807905435562134,
      -4.596540451049805,
      -5.295396327972412,
      -2.5444345474243164,
      -2.756675958633423,
      -5.5245747566223145,
      -1.9007774591445923,
      -2.5580127239227295
    ],