{
  "distance": 2.0,
  "metrics": {
    "mean_log_likelihood": -12.94678020477295,
    "std_log_likelihood": 9.189740180969238,
    "mean_id_log_likelihood": -4.05886697769165,
    "std_id_log_likelihood": 1.866199254989624,
    "mean_ood_log_likelihood": -21.834692001342773,
    "std_ood_log_likelihood": 2.7257914543151855,
    "roc_auc": 0.9993,
    "accuracy": 0.95,
    "model_threshold": -18.14204086303711
  },
  "roc_curve": {
    "fpr": [
      0.0,
      0.0,
      0.0,
      0.0,
      0.0,
      0.005,
      0.005,
      0.01,
      0.01,
      0.015,
      0.015,
      0.02,
      0.02,
      1.0
    ],
    "tpr": [
      0.0,
      0.545,
      0.67,
      0.68,
      0.895,
      0.895,
      0.98,
      0.98,
      0.99,
      0.99,
      0.995,
      0.995,
      1.0,
      1.0
    ],
    "thresholds": [
      Infinity,
      23.025850296020508,
      23.012123107910156,
      23.0096378326416,
      18.72610855102539,
      18.245357513427734,
      12.274349212646484,
      12.232396125793457,
      11.173163414001465,
      10.735529899597168,
      10.707799911499023,
      10.526169776916504,
      9.223116874694824,
      1.3022255897521973
    ]
  },
  "log_likelihoods": {
    "id_samples": [
      -4.65380334854126,
      -2.5934996604919434,
      -3.469851493835449,
      -3.901949882507324,
      -5.4171905517578125,
      -3.9714515209198,
      -4.556789398193359,
      -3.9940927028656006,
      -2.2236039638519287,
      -3.5675880908966064,
      -3.911942481994629,
      -7.3250956535339355,
      -3.612605094909668,
      -4.5984296798706055,
      -4.024982452392578,
      -3.4981722831726074,
      -2.719977617263794,
      -3.5205347537994385,
      -2.9387640953063965,
      -2.5018415451049805,
      -4.2791876792907715,
      -4.530433177947998,
      -3.089325189590454,
      -6.3268232345581055,
      -4.116483211517334,
      -3.130751132965088,
      -8.706159591674805,
      -4.079244613647461,
      -3.074988603591919,
      -2.7832415103912354,
      -3.2193667888641357,
      -3.418808698654175,
      -5.484385967254639,
      -3.541749954223633,
      -2.36226749420166,
      -3.480302572250366,
      -2.6773147583007812,
      -2.63626766204834,
      -2.8018054962158203,
      -4.043447494506836,
      -8.025179862976074,
      -4.408852577209473,
      -3.795588493347168,
      -4.067066192626953,
      -3.7927451133728027,
      -4.795245170593262,
      -2.2094528675079346,
      -3.815028667449951,
      -3.5149121284484863,
      -2.7254297733306885,
      -3.7602720260620117,
      -1.9311467409133911,
      -4.478485107421875,
      -3.2711000442504883,
      -2.7035701274871826,
      -4.111913204193115,
      -3.100511312484741,
      -8.485442161560059,
      -4.618308067321777,
      -4.527291774749756,
      -4.178464412689209,
      -3.4493229389190674,
      -2.8347575664520264,
      -9.023195266723633,
      -2.7522714138031006,
      -4.498856067657471,
      -4.135483741760254,
      -6.202892303466797,
      -4.605053901672363,
      -5.652121067047119,
      -3.79986310005188,
      -4.287688255310059,
      -18.245357513427734,
      -2.963968515396118,
      -3.9508512020111084,
      -3.8780343532562256,
      -3.9083354473114014,
      -3.429497718811035,
      -3.3431055545806885,
      -4.562525272369385,
      -3.1922640800476074,
      -4.051948547363281,
      -4.494424343109131,
      -4.208935260772705,
      -3.5863640308380127,
      -4.60388708114624,
      -4.4362874031066895,
      -2.484321117401123,
      -3.4705164432525635,
      -4.852806091308594,
      -2.500049114227295,
      -2.3052167892456055,
      -7.745058059692383,
      -4.147085666656494,
      -3.7949869632720947,
      -2.090479612350464,
      -3.824408531188965,
      -6.434648513793945,
      -3.249547004699707,
      -3.4945266246795654,
      -5.545232772827148,
      -4.474541664123535,
      -4.514871597290039,
      -2.372279167175293,
      -2.013911485671997,
      -3.938046932220459,
      -6.219537734985352,
      -4.325747489929199,
      -4.14177131652832,
      -2.681877851486206,
      -3.6471962928771973,
      -3.102593421936035,
      -3.541426420211792,
      -6.032018661499023,
      -3.980365753173828,
      -6.760146617889404,
      -3.907487630844116,
      -3.264620304107666,
      -2.933475971221924,
      -7.090433597564697,
      -4.051214694976807,
      -3.629086971282959,
      -3.5799038410186768,
      -4.604136943817139,
      -5.037729740142822,
      -2.2947347164154053,
      -3.065390110015869,
      -4.181833267211914,
      -4.148735046386719,
      -7.805018424987793,
      -4.282280921936035,
      -4.603696823120117,
      -3.717702627182007,
      -3.327272891998291,
      -2.177551507949829,
      -4.10002326965332,
      -3.092970371246338,
      -2.7975971698760986,
      -3.869781732559204,
      -1.3022255897521973,
      -3.463809013366699,
      -2.2502684593200684,
      -2.947192907333374,
      -4.604909420013428,
      -5.6633124351501465,
      -5.548913478851318,
      -3.7365705966949463,
      -3.3985486030578613,
      -3.481853723526001,
      -3.9318408966064453,
      -3.313508987426758,
      -2.5619137287139893,
      -4.4143195152282715,
      -3.007537603378296,
      -2.620601177215576,
      -3.9388792514801025,
      -2.8903543949127197,
      -4.0625176429748535,
      -2.6530354022979736,
      -10.735529899597168,
      -4.353034496307373,
      -3.643268585205078,
      -2.614108085632324,
      -3.894268274307251,
      -4.044256687164307,
      -2.0847437381744385,
      -2.5440661907196045,
      -3.873108386993408,
      -10.526169776916504,
      -4.388730525970459,
      -3.2086145877838135,
      -3.650484561920166,
      -3.5595526695251465,
      -2.543842077255249,
      -2.989027976989746,
      -3.852851390838623,
      -2.953786849975586,
      -3.449862003326416,
      -3.665837287902832,
      -3.385309934616089,
      -2.6945438385009766,
      -12.232396125793457,
      -5.284746170043945,
      -4.050017356872559,
      -3.3709323406219482,
      -2.739137649536133,
      -1.4511300325393677,
      -4.875425815582275,
      -2.778738021850586,
      -2.707216501235962,
      -4.532650470733643,
      -4.611300468444824,
      -3.0999128818511963,
      -7.2396769523620605,
      -1.7378346920013428,
      -1.8420332670211792,
      -3.7789313793182373,
      -3.877267837524414,
      -4.604946136474609,
      -4.066277027130127
    ],