{
  "distance": 1.0,
  "metrics": {
    "mean_log_likelihood": -9.494696617126465,
    "std_log_likelihood": 6.624632358551025,
    "mean_id_log_likelihood": -4.287302494049072,
    "std_id_log_likelihood": 2.1336512565612793,
    "mean_ood_log_likelihood": -14.702091217041016,
    "std_ood_log_likelihood": 5.38378381729126,
    "roc_auc": 0.982375,
    "accuracy": 0.645,
    "model_threshold": -18.14204086303711
  },
  "roc_curve": {
    "fpr": [
      0.0,
      0.0,
      0.0,
      0.005,
      0.005,
      0.01,
      0.01,
      0.015,
      0.015,
      0.02,
      0.02,
      0.025,
      0.025,
      0.03,
      0.03,
      0.035,
      0.035,
      0.045,
      0.045,
      0.05,
      0.05,
      0.055,
      0.055,
      0.06,
      0.06,
      0.065,
      0.065,
      0.07,
      0.07,
      0.085,
      0.085,
      0.09,
      0.09,
      0.095,
      0.095,
      0.14,
      0.14,
      0.15,
      0.15,
      1.0
    ],
    "tpr": [
      0.0,
      0.015,
      0.185,
      0.185,
      0.485,
      0.485,
      0.66,
      0.66,
      0.685,
      0.685,
      0.755,
      0.755,
      0.795,
      0.795,
      0.85,
      0.85,
      0.885,
      0.885,
      0.895,
      0.895,
      0.905,
      0.905,
      0.91,
      0.91,
      0.92,
      0.92,
      0.925,
      0.925,
      0.96,
      0.96,
      0.97,
      0.97,
      0.985,
      0.985,
      0.99,
      0.99,
      0.995,
      0.995,
      1.0,
      1.0
    ],
    "thresholds": [
      Infinity,
      23.025850296020508,
      22.07318687438965,
      21.940900802612305,
      14.30495834350586,
      14.285837173461914,
      11.442955017089844,
      11.330992698669434,
      10.988526344299316,
      10.872597694396973,
      10.096424102783203,
      9.968269348144531,
      9.508557319641113,
      9.443528175354004,
      8.639827728271484,
      8.55459213256836,
      8.253643989562988,
      8.228791236877441,
      8.11170768737793,
      8.097253799438477,
      8.004447937011719,
      7.908903121948242,
      7.82056188583374,
      7.681101322174072,
      7.644442081451416,
      7.612010955810547,
      7.610797882080078,
      7.599038600921631,
      7.071812152862549,
      6.686542987823486,
      6.550980567932129,
      6.507840156555176,
      6.364700794219971,
      6.341611862182617,
      6.309118270874023,
      5.550711631774902,
      5.373576641082764,
      4.960971355438232,
      4.9182963371276855,
      1.3024393320083618
    ]
  },
  "log_likelihoods": {
    "id_samples": [
      -4.7637248039245605,
      -4.469269752502441,
      -3.0106825828552246,
      -3.152033567428589,
      -5.143804550170898,
      -3.2136342525482178,
      -2.3122076988220215,
      -4.5070061683654785,
      -3.0582618713378906,
      -5.947328567504883,
      -21.940900802612305,
      -4.297571182250977,
      -1.8270896673202515,
      -3.9500234127044678,
      -2.7024853229522705,
      -4.372201442718506,
      -4.33791446685791,
      -8.55459213256836,
      -3.98539662361145,
      -4.200282573699951,
      -9.443528175354004,
      -3.576888084411621,
      -4.055233478546143,
      -2.8170578479766846,
      -4.706085205078125,
      -4.557687282562256,
      -4.296820163726807,
      -3.4790680408477783,
      -3.845088481903076,
      -2.622581958770752,
      -3.930992603302002,
      -4.138336181640625,
      -3.9244120121002197,
      -4.605171203613281,
      -2.945084810256958,
      -2.6301352977752686,
      -9.968269348144531,
      -3.3294625282287598,
      -3.7094972133636475,
      -4.232840061187744,
      -4.503575325012207,
      -4.604904651641846,
      -11.330992698669434,
      -2.0474534034729004,
      -3.7315914630889893,
      -4.7511982917785645,
      -3.780809164047241,
      -5.550711631774902,
      -6.10683536529541,
      -3.8266279697418213,
      -3.5629327297210693,
      -2.332219362258911,
      -2.6616146564483643,
      -3.5443766117095947,
      -3.2691657543182373,
      -2.07554292678833,
      -3.634493112564087,
      -6.507840156555176,
      -4.960971355438232,
      -4.3070526123046875,
      -1.7362873554229736,
      -4.606819152832031,
      -6.341611862182617,
      -8.228791236877441,
      -4.426005840301514,
      -3.9976367950439453,
      -1.6102852821350098,
      -2.458949089050293,
      -3.636186122894287,
      -3.301595687866211,
      -3.4359679222106934,
      -4.1538896560668945,
      -3.187614679336548,
      -3.382995128631592,
      -3.3642303943634033,
      -3.3087058067321777,
      -4.131113052368164,
      -7.612010955810547,
      -6.686542987823486,
      -3.539641857147217,
      -2.682013750076294,
      -3.776148557662964,
      -4.4163923263549805,
      -3.145153522491455,
      -3.5099966526031494,
      -4.710507869720459,
      -3.680537223815918,
      -4.238851547241211,
      -4.563497066497803,
      -4.605069637298584,
      -3.5201022624969482,
      -10.872597694396973,
      -1.6945624351501465,
      -2.739137649536133,
      -4.29915714263916,
      -3.9042978286743164,
      -1.3024393320083618,
      -4.55260705947876,
      -3.534627676010132,
      -4.5562825202941895,
      -3.7717361450195312,
      -4.099232196807861,
      -3.8904170989990234,
      -4.627450466156006,
      -3.8977036476135254,
      -3.9611148834228516,
      -3.7594833374023438,
      -3.317807674407959,
      -1.9585728645324707,
      -4.602704048156738,
      -3.240764617919922,
      -4.605170249938965,
      -4.48594856262207,
      -3.915419816970825,
      -4.419344902038574,
      -4.062170505523682,
      -3.039255142211914,
      -2.36226749420166,
      -4.11562442779541,
      -4.604720592498779,
      -8.097253799438477,
      -4.567231178283691,
      -4.608314037322998,
      -4.435656547546387,
      -2.041620969772339,
      -4.048290252685547,
      -3.3246893882751465,
      -4.153899192810059,
      -5.613317012786865,
      -1.7068455219268799,
      -2.960312604904175,
      -3.9079155921936035,
      -2.9307034015655518,
      -3.0467822551727295,
      -3.443500280380249,
      -2.955540895462036,
      -4.605118274688721,
      -3.93412446975708,
      -1.4055267572402954,
      -3.3120651245117188,
      -1.4511300325393677,
      -3.5652613639831543,
      -3.9091835021972656,
      -3.3131046295166016,
      -4.167665004730225,
      -4.293308258056641,
      -5.922171115875244,
      -4.078071594238281,
      -4.487612247467041,
      -4.222695350646973,
      -3.033883810043335,
      -4.391555309295654,
      -5.792329788208008,
      -2.7458105087280273,
      -3.811840772628784,
      -4.268893241882324,
      -4.506901741027832,
      -6.2268195152282715,
      -3.8355326652526855,
      -2.918820858001709,
      -3.6059110164642334,
      -4.020935535430908,
      -4.391903400421143,
      -4.3901047706604,
      -7.908903121948242,
      -3.063408613204956,
      -4.1930623054504395,
      -3.011802911758423,
      -4.0938191413879395,
      -4.25196647644043,
      -4.210246562957764,
      -7.599038600921631,
      -3.755131483078003,
      -2.3670592308044434,
      -4.602187156677246,
      -2.721886396408081,
      -4.297428607940674,
      -3.903696060180664,
      -14.285837173461914,
      -5.839055061340332,
      -8.249926567077637,
      -2.7179746627807617,
      -2.9315850734710693,
      -7.681101322174072,
      -6.959657669067383,
      -6.078099727630615,
      -4.602348327636719,
      -4.577347755432129,
      -4.279993534088135,
      -6.870755672454834,
      -2.909733533859253,
      -3.9597082138061523,
      -3.7727646827697754,
      -4.085016250610352,
      -2.5532233715057373,
      -3.6986050605773926,
      -3.6913700103759766,
      -4.337152481079102,
      -3.592294692993164,
      -3.517862319946289
    ],