mean_return,std_return,mean_length,std_length,mean_acp,mean_unsafe_hours,mean_wean_score,seed
0.6241984377215527,4.7308895070170305,6.0,0.0,2.13,25.999999999999996,0.21766666666666662,1
